GAME_ID,GAME_DATE,MATCHUP,TEAM_ID,TEAM_NAME,WL,MIN,PTS,FGM,FGA,PLUS_MINUS,margin
002254732,2025-05-25,BOS vs. MIA,1610612737,Boston Celtics,L,240,115,36,87,-12,-12
002255484,2025-09-09,BOS vs. MIA,1610612738,Boston Celtics,W,240,104,35,90,8,8
002299616,2025-07-16,BOS vs. MIA,1610612738,Boston Celtics,L,240,100,47,99,-25,-25
002278953,2025-12-18,BOS vs. MIA,1610612740,Boston Celtics,W,240,129,49,82,13,13
002230041,2024-12-17,BOS vs. MIA,1610612738,Boston Celtics,W,240,105,36,93,2,2
002290626,2024-03-19,BOS vs. MIA,1610612737,Boston Celtics,L,240,98,46,88,-3,-3
002223582,2024-10-08,BOS vs. MIA,1610612738,Boston Celtics,L,240,111,34,88,-5,-5
002285655,2025-10-29,BOS vs. MIA,1610612738,Boston Celtics,L,240,111,36,87,-16,-16
002227218,2024-05-29,BOS vs. MIA,1610612739,Boston Celtics,W,240,130,32,85,22,22
002295790,2024-10-14,BOS vs. MIA,1610612737,Boston Celtics,W,240,130,50,89,35,35
002214471,2024-03-22,BOS vs. MIA,1610612738,Boston Celtics,L,240,97,35,99,-14,-14
002288624,2025-07-01,BOS vs. MIA,1610612740,Boston Celtics,W,240,94,43,99,1,1
002284031,2024-06-20,BOS vs. MIA,1610612739,Boston Celtics,L,240,98,43,97,-32,-32
002285623,2025-10-25,BOS vs. MIA,1610612740,Boston Celtics,W,240,130,46,90,40,40
002275404,2024-07-12,BOS vs. MIA,1610612740,Boston Celtics,L,240,97,34,90,-23,-23
002274643,2025-02-07,BOS vs. MIA,1610612740,Boston Celtics,L,240,102,50,93,-25,-25
002277360,2024-06-27,BOS vs. MIA,1610612737,Boston Celtics,W,240,103,33,88,2,2
002266435,2025-11-10,BOS vs. MIA,1610612740,Boston Celtics,W,240,115,32,96,9,9
002210726,2024-09-14,BOS vs. MIA,1610612740,Boston Celtics,W,240,115,46,96,5,5
002286503,2024-12-19,BOS vs. MIA,1610612739,Boston Celtics,L,240,106,50,98,-2,-2
002259196,2025-11-25,BOS vs. MIA,1610612738,Boston Celtics,L,240,97,39,93,-21,-21
002246365,2024-09-27,BOS vs. MIA,1610612739,Boston Celtics,W,240,115,44,81,14,14
002214108,2026-01-19,BOS vs. MIA,1610612739,Boston Celtics,L,240,92,35,95,-19,-19
002249143,2024-05-04,BOS vs. MIA,1610612739,Boston Celtics,W,240,122,48,85,29,29
002260322,2024-08-02,BOS vs. MIA,1610612739,Boston Celtics,W,240,117,50,97,13,13
002255430,2025-04-07,BOS vs. MIA,1610612737,Boston Celtics,W,240,119,41,86,16,16
002254386,2024-06-06,BOS vs. MIA,1610612739,Boston Celtics,L,240,118,47,100,-11,-11
002252742,2024-07-24,BOS vs. MIA,1610612738,Boston Celtics,W,240,109,47,89,15,15
002283308,2025-12-13,BOS vs. MIA,1610612737,Boston Celtics,W,240,118,45,83,24,24
002279756,2024-05-31,BOS vs. MIA,1610612740,Boston Celtics,L,240,95,48,81,-27,-27
002272576,2026-01-20,BOS vs. MIA,1610612739,Boston Celtics,W,240,122,39,81,23,23
002237464,2024-07-12,BOS vs. MIA,1610612737,Boston Celtics,L,240,101,35,89,-9,-9
002287742,2025-09-11,BOS vs. MIA,1610612740,Boston Celtics,W,240,93,49,99,1,1
002288914,2024-06-21,BOS vs. MIA,1610612738,Boston Celtics,L,240,96,44,82,-24,-24
002232595,2024-10-10,BOS vs. MIA,1610612740,Boston Celtics,W,240,101,32,95,9,9
002274020,2025-01-30,BOS vs. MIA,1610612740,Boston Celtics,W,240,130,45,96,8,8
002260243,2025-02-10,BOS vs. MIA,1610612739,Boston Celtics,L,240,111,36,81,-12,-12
002211971,2024-06-18,BOS vs. MIA,1610612738,Boston Celtics,L,240,108,44,88,-9,-9
002222538,2024-05-25,BOS vs. MIA,1610612739,Boston Celtics,L,240,108,48,99,-7,-7
002229932,2025-02-14,BOS vs. MIA,1610612737,Boston Celtics,W,240,119,30,83,5,5
002237979,2025-06-15,BOS vs. MIA,1610612740,Boston Celtics,L,240,106,36,92,-19,-19
002254684,2024-04-07,BOS vs. MIA,1610612737,Boston Celtics,W,240,129,50,80,18,18
002252783,2025-09-21,BOS vs. MIA,1610612738,Boston Celtics,L,240,117,31,100,-8,-8
002279492,2026-01-03,BOS vs. MIA,1610612739,Boston Celtics,W,240,128,40,86,19,19
002264548,2025-04-16,BOS vs. MIA,1610612737,Boston Celtics,L,240,110,33,90,-7,-7
002218623,2025-01-28,BOS vs. MIA,1610612739,Boston Celtics,W,240,126,44,99,31,31
002276588,2024-11-21,BOS vs. MIA,1610612738,Boston Celtics,W,240,92,42,100,1,1
002265218,2024-05-13,BOS vs. MIA,1610612740,Boston Celtics,L,240,99,31,85,-6,-6
002259294,2025-02-09,BOS vs. MIA,1610612738,Boston Celtics,W,240,125,32,80,22,22
002253551,2025-07-22,BOS vs. MIA,1610612739,Boston Celtics,L,240,109,35,95,-15,-15
002243733,2024-11-22,BOS vs. MIA,1610612740,Boston Celtics,W,240,128,42,81,24,24
002238762,2024-07-17,BOS vs. MIA,1610612740,Boston Celtics,W,240,100,41,93,6,6
002231696,2024-09-25,BOS vs. MIA,1610612737,Boston Celtics,W,240,96,39,98,4,4
002231191,2025-07-31,BOS vs. MIA,1610612740,Boston Celtics,L,240,104,46,83,-6,-6
002284828,2025-01-14,BOS vs. MIA,1610612739,Boston Celtics,L,240,94,50,89,-16,-16
002278686,2025-07-03,BOS vs. MIA,1610612737,Boston Celtics,L,240,106,46,90,-24,-24
002215986,2025-10-04,BOS vs. MIA,1610612737,Boston Celtics,L,240,98,45,93,-29,-29
002241549,2025-10-31,BOS vs. MIA,1610612737,Boston Celtics,L,240,109,32,99,-7,-7
002220066,2024-06-28,BOS vs. MIA,1610612739,Boston Celtics,W,240,102,45,99,11,11
002264712,2026-01-05,BOS vs. MIA,1610612739,Boston Celtics,L,240,93,44,91,-20,-20
002263749,2025-04-13,BOS vs. MIA,1610612739,Boston Celtics,W,240,122,48,96,19,19
002293747,2024-12-06,BOS vs. MIA,1610612737,Boston Celtics,W,240,114,34,84,2,2
002254409,2025-05-10,BOS vs. MIA,1610612740,Boston Celtics,L,240,96,49,97,-20,-20
002274683,2024-05-08,BOS vs. MIA,1610612737,Boston Celtics,W,240,109,42,97,3,3
002274251,2024-08-01,BOS vs. MIA,1610612740,Boston Celtics,W,240,127,35,81,19,19
002284016,2025-12-26,BOS vs. MIA,1610612737,Boston Celtics,W,240,102,38,86,5,5
002224241,2025-05-11,BOS vs. MIA,1610612740,Boston Celtics,W,240,121,50,89,18,18
002274328,2024-03-19,BOS vs. MIA,1610612738,Boston Celtics,L,240,111,47,95,-1,-1
002217530,2024-08-31,BOS vs. MIA,1610612738,Boston Celtics,L,240,109,35,87,-20,-20
002266188,2025-03-26,BOS vs. MIA,1610612738,Boston Celtics,W,240,127,37,95,16,16
002267169,2024-04-07,BOS vs. MIA,1610612737,Boston Celtics,L,240,90,34,86,-18,-18
002246115,2026-01-01,BOS vs. MIA,1610612738,Boston Celtics,W,240,101,41,100,1,1
002242513,2026-01-20,BOS vs. MIA,1610612740,Boston Celtics,L,240,111,36,95,-19,-19
002210342,2026-01-10,BOS vs. MIA,1610612738,Boston Celtics,W,240,96,32,96,1,1
002215116,2024-07-21,BOS vs. MIA,1610612740,Boston Celtics,L,240,97,42,100,0,0
002242474,2024-04-25,BOS vs. MIA,1610612737,Boston Celtics,L,240,99,30,91,-4,-4
002248622,2024-12-15,BOS vs. MIA,1610612739,Boston Celtics,L,240,98,42,86,-18,-18
002258487,2024-07-15,BOS vs. MIA,1610612739,Boston Celtics,L,240,105,50,95,-25,-25
002258433,2025-06-24,BOS vs. MIA,1610612740,Boston Celtics,W,240,109,47,80,6,6
002274430,2024-05-04,BOS vs. MIA,1610612740,Boston Celtics,L,240,95,50,84,-21,-21
002257204,2025-03-19,BOS vs. MIA,1610612739,Boston Celtics,L,240,101,43,80,-22,-22
002281871,2024-10-07,BOS vs. MIA,1610612738,Boston Celtics,W,240,126,43,96,35,35
002264841,2025-12-13,BOS vs. MIA,1610612737,Boston Celtics,W,240,110,47,87,15,15
002265708,2024-03-13,BOS vs. MIA,1610612737,Boston Celtics,W,240,127,33,88,17,17
002244767,2024-05-17,BOS vs. MIA,1610612737,Boston Celtics,W,240,127,31,100,9,9
002215334,2024-10-14,BOS vs. MIA,1610612740,Boston Celtics,W,240,112,42,95,5,5
002287036,2024-08-18,BOS vs. MIA,1610612739,Boston Celtics,L,240,97,33,97,-9,-9
002250034,2025-12-17,BOS vs. MIA,1610612738,Boston Celtics,W,240,119,48,81,21,21
002278990,2024-05-31,BOS vs. MIA,1610612737,Boston Celtics,L,240,110,50,93,0,0
002272827,2025-01-26,BOS vs. MIA,1610612738,Boston Celtics,L,240,115,42,81,-9,-9
002228352,2025-02-04,BOS vs. MIA,1610612737,Boston Celtics,W,240,101,45,83,3,3
002238198,2025-08-23,BOS vs. MIA,1610612737,Boston Celtics,W,240,121,35,95,30,30
002234854,2025-08-06,BOS vs. MIA,1610612738,Boston Celtics,W,240,121,43,90,27,27
002210201,2025-06-30,BOS vs. MIA,1610612737,Boston Celtics,L,240,93,36,98,-24,-24
002298620,2024-03-28,BOS vs. MIA,1610612737,Boston Celtics,W,240,126,47,84,2,2
002290644,2024-03-13,BOS vs. MIA,1610612738,Boston Celtics,W,240,114,39,84,17,17
002255061,2024-08-16,BOS vs. MIA,1610612739,Boston Celtics,W,240,123,43,95,15,15
002284024,2024-10-22,BOS vs. MIA,1610612739,Boston Celtics,W,240,123,32,83,28,28
002296275,2024-08-23,BOS vs. MIA,1610612739,Boston Celtics,L,240,92,37,97,-34,-34
002218526,2025-11-03,BOS vs. MIA,1610612739,Boston Celtics,W,240,125,31,93,12,12
002253959,2024-06-04,BOS vs. MIA,1610612738,Boston Celtics,W,240,106,48,94,1,1
002266900,2024-11-03,BOS vs. MIA,1610612738,Boston Celtics,L,240,92,43,91,-6,-6
002252211,2024-06-07,BOS vs. MIA,1610612740,Boston Celtics,W,240,127,35,86,34,34
002296629,2024-11-11,BOS vs. MIA,1610612740,Boston Celtics,W,240,120,42,85,21,21
002285990,2024-08-01,BOS vs. MIA,1610612738,Boston Celtics,W,240,118,40,84,11,11
002215860,2025-10-13,BOS vs. MIA,1610612740,Boston Celtics,L,240,116,46,97,-10,-10
002224389,2025-03-09,BOS vs. MIA,1610612740,Boston Celtics,W,240,129,46,80,30,30
002226321,2024-10-16,BOS vs. MIA,1610612737,Boston Celtics,W,240,127,35,87,37,37
002280604,2024-08-16,BOS vs. MIA,1610612737,Boston Celtics,L,240,110,30,85,-10,-10
002247708,2025-04-25,BOS vs. MIA,1610612740,Boston Celtics,L,240,91,42,86,-29,-29
002270499,2025-04-14,BOS vs. MIA,1610612739,Boston Celtics,W,240,115,31,94,9,9
002269905,2025-12-03,BOS vs. MIA,1610612738,Boston Celtics,L,240,95,48,88,-13,-13
002246022,2025-07-24,BOS vs. MIA,1610612740,Boston Celtics,W,240,120,38,91,18,18
002242148,2024-08-07,BOS vs. MIA,1610612738,Boston Celtics,W,240,126,30,85,23,23
002246656,2024-11-01,BOS vs. MIA,1610612740,Boston Celtics,W,240,99,40,84,5,5
002287463,2024-07-11,BOS vs. MIA,1610612740,Boston Celtics,W,240,114,43,82,24,24
002240868,2025-01-31,BOS vs. MIA,1610612740,Boston Celtics,L,240,110,32,92,-16,-16
002217511,2025-04-29,BOS vs. MIA,1610612740,Boston Celtics,L,240,103,49,88,-7,-7
002237512,2025-04-16,BOS vs. MIA,1610612740,Boston Celtics,W,240,129,41,80,32,32
002231669,2024-08-11,BOS vs. MIA,1610612739,Boston Celtics,W,240,119,35,97,24,24
002295519,2024-06-12,BOS vs. MIA,1610612737,Boston Celtics,L,240,109,40,92,-7,-7
002281331,2025-03-19,BOS vs. MIA,1610612739,Boston Celtics,L,240,112,45,80,-1,-1
002291068,2025-11-02,BOS vs. MIA,1610612740,Boston Celtics,L,240,119,45,88,-5,-5
002236785,2024-03-03,BOS vs. MIA,1610612740,Boston Celtics,W,240,117,50,91,5,5
002211324,2025-03-14,BOS vs. MIA,1610612738,Boston Celtics,W,240,103,36,90,3,3
002272214,2025-11-24,BOS vs. MIA,1610612740,Boston Celtics,L,240,108,48,96,-7,-7
002272822,2024-03-28,BOS vs. MIA,1610612740,Boston Celtics,L,240,105,41,96,-9,-9
002233742,2025-08-26,BOS vs. MIA,1610612738,Boston Celtics,W,240,113,32,95,22,22
002290775,2025-04-28,BOS vs. MIA,1610612738,Boston Celtics,W,240,117,50,98,21,21
002224465,2025-07-30,BOS vs. MIA,1610612740,Boston Celtics,W,240,114,44,82,24,24
002251485,2024-11-04,BOS vs. MIA,1610612737,Boston Celtics,W,240,129,44,100,8,8
002265395,2024-07-14,BOS vs. MIA,1610612737,Boston Celtics,L,240,91,30,88,-1,-1
002256797,2025-07-25,BOS vs. MIA,1610612737,Boston Celtics,W,240,117,50,85,8,8
002292791,2024-05-29,BOS vs. MIA,1610612738,Boston Celtics,L,240,119,44,91,-10,-10
002284914,2025-04-19,BOS vs. MIA,1610612738,Boston Celtics,L,240,91,31,97,-25,-25
002240530,2024-07-06,BOS vs. MIA,1610612738,Boston Celtics,W,240,124,34,97,16,16
002250861,2025-11-17,BOS vs. MIA,1610612737,Boston Celtics,L,240,102,48,100,-15,-15
002291968,2025-11-22,BOS vs. MIA,1610612740,Boston Celtics,L,240,109,35,86,0,0
002250308,2024-03-30,BOS vs. MIA,1610612738,Boston Celtics,L,240,111,38,80,-18,-18
002237786,2025-07-26,BOS vs. MIA,1610612738,Boston Celtics,L,240,92,36,89,-15,-15
002289592,2025-02-22,BOS vs. MIA,1610612737,Boston Celtics,W,240,128,36,87,34,34
002285062,2025-09-21,BOS vs. MIA,1610612738,Boston Celtics,W,240,107,33,97,1,1
002276872,2025-06-17,BOS vs. MIA,1610612740,Boston Celtics,L,240,95,44,87,-27,-27
002295829,2025-05-02,BOS vs. MIA,1610612739,Boston Celtics,W,240,117,44,85,7,7
002288320,2024-08-27,BOS vs. MIA,1610612739,Boston Celtics,L,240,116,45,99,-9,-9
002224345,2026-01-24,BOS vs. MIA,1610612739,Boston Celtics,W,240,112,40,80,1,1
002297149,2025-05-09,BOS vs. MIA,1610612739,Boston Celtics,L,240,95,39,95,-14,-14
002260728,2025-01-18,BOS vs. MIA,1610612740,Boston Celtics,L,240,101,38,88,-24,-24
002252434,2024-10-27,BOS vs. MIA,1610612737,Boston Celtics,L,240,118,38,81,-7,-7
002297159,2025-11-05,BOS vs. MIA,1610612739,Boston Celtics,W,240,115,47,97,14,14
002279907,2025-02-20,BOS vs. MIA,1610612739,Boston Celtics,W,240,115,30,89,6,6
002289446,2025-08-26,BOS vs. MIA,1610612739,Boston Celtics,W,240,127,43,83,7,7
002249968,2025-02-26,BOS vs. MIA,1610612737,Boston Celtics,L,240,123,45,80,-5,-5
002265848,2024-07-12,BOS vs. MIA,1610612739,Boston Celtics,W,240,117,34,93,13,13
002228782,2025-10-09,BOS vs. MIA,1610612737,Boston Celtics,L,240,94,42,94,-23,-23
002219419,2025-01-02,BOS vs. MIA,1610612740,Boston Celtics,W,240,129,33,84,38,38
002212763,2024-08-21,BOS vs. MIA,1610612739,Boston Celtics,L,240,101,45,80,-16,-16
002282269,2025-12-14,BOS vs. MIA,1610612737,Boston Celtics,L,240,122,48,94,0,0
002211530,2025-08-27,BOS vs. MIA,1610612739,Boston Celtics,W,240,129,41,88,10,10
002230188,2025-11-18,BOS vs. MIA,1610612739,Boston Celtics,L,240,113,40,80,-2,-2
002243245,2024-11-04,BOS vs. MIA,1610612737,Boston Celtics,W,240,127,32,82,22,22
002247603,2025-08-01,BOS vs. MIA,1610612738,Boston Celtics,L,240,103,47,98,-18,-18
002269257,2025-04-28,BOS vs. MIA,1610612739,Boston Celtics,L,240,102,36,86,-17,-17
002228352,2025-11-20,BOS vs. MIA,1610612737,Boston Celtics,L,240,112,46,81,-1,-1
002225360,2024-07-14,BOS vs. MIA,1610612737,Boston Celtics,W,240,100,31,94,8,8
002288876,2025-01-02,BOS vs. MIA,1610612738,Boston Celtics,L,240,93,35,94,-10,-10
002222256,2025-05-24,BOS vs. MIA,1610612738,Boston Celtics,L,240,97,44,83,-31,-31
002225787,2024-03-26,BOS vs. MIA,1610612740,Boston Celtics,L,240,93,35,85,-32,-32
002221874,2024-05-24,BOS vs. MIA,1610612740,Boston Celtics,W,240,97,38,89,3,3
002226239,2024-08-07,BOS vs. MIA,1610612738,Boston Celtics,L,240,90,45,89,-39,-39
002214554,2024-05-13,BOS vs. MIA,1610612739,Boston Celtics,W,240,130,47,85,23,23
002293446,2025-04-10,BOS vs. MIA,1610612737,Boston Celtics,W,240,126,36,88,3,3
002241983,2025-04-01,BOS vs. MIA,1610612737,Boston Celtics,L,240,114,50,81,-14,-14
002299489,2025-03-26,BOS vs. MIA,1610612739,Boston Celtics,L,240,94,45,83,-13,-13
002291595,2025-06-27,BOS vs. MIA,1610612738,Boston Celtics,L,240,106,34,92,-3,-3
002278393,2024-11-20,BOS vs. MIA,1610612740,Boston Celtics,W,240,104,48,92,7,7
002232328,2025-11-02,BOS vs. MIA,1610612738,Boston Celtics,L,240,90,42,83,-7,-7
002279120,2024-11-11,BOS vs. MIA,1610612738,Boston Celtics,W,240,123,44,100,4,4
002231040,2025-03-27,BOS vs. MIA,1610612740,Boston Celtics,W,240,106,40,97,13,13
002220427,2024-05-31,BOS vs. MIA,1610612739,Boston Celtics,W,240,106,43,87,1,1
002215145,2025-03-28,BOS vs. MIA,1610612737,Boston Celtics,L,240,98,43,93,0,0
002271728,2024-10-04,BOS vs. MIA,1610612740,Boston Celtics,L,240,122,40,85,-2,-2
002212254,2025-08-20,BOS vs. MIA,1610612738,Boston Celtics,W,240,111,40,95,19,19
002235197,2025-02-12,BOS vs. MIA,1610612740,Boston Celtics,W,240,110,30,91,11,11
002230816,2025-06-25,BOS vs. MIA,1610612740,Boston Celtics,W,240,105,38,80,9,9
002213511,2025-06-24,BOS vs. MIA,1610612737,Boston Celtics,L,240,109,34,95,-1,-1
002291496,2024-11-24,BOS vs. MIA,1610612740,Boston Celtics,W,240,101,39,100,1,1
002235214,2025-08-04,BOS vs. MIA,1610612740,Boston Celtics,L,240,121,44,81,-1,-1
002268783,2025-07-10,BOS vs. MIA,1610612737,Boston Celtics,L,240,109,34,82,-19,-19
002239555,2025-04-30,BOS vs. MIA,1610612738,Boston Celtics,L,240,102,31,83,-14,-14
002259447,2026-01-07,BOS vs. MIA,1610612739,Boston Celtics,W,240,107,47,84,13,13
002280120,2025-10-11,BOS vs. MIA,1610612738,Boston Celtics,W,240,104,49,93,9,9
002297002,2024-12-19,BOS vs. MIA,1610612738,Boston Celtics,W,240,129,32,92,20,20
002210373,2024-06-16,BOS vs. MIA,1610612738,Boston Celtics,W,240,121,48,89,21,21
002242239,2025-05-29,BOS vs. MIA,1610612739,Boston Celtics,L,240,112,45,82,-3,-3
002226928,2025-07-16,BOS vs. MIA,1610612740,Boston Celtics,L,240,115,31,83,-13,-13
002271003,2026-01-20,BOS vs. MIA,1610612739,Boston Celtics,L,240,95,32,94,-8,-8
002244860,2025-08-31,BOS vs. MIA,1610612737,Boston Celtics,W,240,108,33,100,6,6
002243009,2025-10-24,BOS vs. MIA,1610612739,Boston Celtics,L,240,123,38,80,-5,-5
002236434,2025-11-14,BOS vs. MIA,1610612738,Boston Celtics,L,240,103,47,83,-23,-23
002233356,2025-11-22,BOS vs. MIA,1610612739,Boston Celtics,W,240,126,42,87,28,28
002290644,2024-06-23,BOS vs. MIA,1610612739,Boston Celtics,W,240,112,50,100,12,12
002234933,2025-02-19,BOS vs. MIA,1610612737,Boston Celtics,L,240,90,47,87,-14,-14
002237684,2024-04-05,BOS vs. MIA,1610612737,Boston Celtics,W,240,116,38,82,9,9
002258809,2025-02-25,BOS vs. MIA,1610612738,Boston Celtics,L,240,115,46,99,-11,-11
002252912,2025-07-04,BOS vs. MIA,1610612738,Boston Celtics,W,240,126,39,82,15,15
002233851,2025-06-21,BOS vs. MIA,1610612737,Boston Celtics,W,240,115,41,98,9,9
002236612,2024-12-11,BOS vs. MIA,1610612739,Boston Celtics,W,240,98,44,87,7,7
002253813,2025-10-29,BOS vs. MIA,1610612739,Boston Celtics,W,240,126,33,88,28,28
002281311,2025-05-09,BOS vs. MIA,1610612738,Boston Celtics,W,240,123,35,92,9,9
002244372,2025-12-29,BOS vs. MIA,1610612740,Boston Celtics,W,240,130,38,94,25,25
002252027,2025-07-14,BOS vs. MIA,1610612738,Boston Celtics,L,240,107,42,93,-21,-21
002211237,2025-01-03,BOS vs. MIA,1610612737,Boston Celtics,L,240,111,46,96,-12,-12
002241511,2026-01-10,BOS vs. MIA,1610612737,Boston Celtics,L,240,91,37,83,-21,-21
002270850,2025-07-10,BOS vs. MIA,1610612738,Boston Celtics,L,240,91,47,83,-32,-32
002221594,2025-01-03,BOS vs. MIA,1610612740,Boston Celtics,L,240,96,45,92,-21,-21
002265818,2025-11-08,BOS vs. MIA,1610612737,Boston Celtics,W,240,121,42,90,4,4
002296505,2026-01-16,BOS vs. MIA,1610612740,Boston Celtics,W,240,130,40,96,34,34
002214548,2024-08-28,BOS vs. MIA,1610612738,Boston Celtics,W,240,113,48,99,9,9
002286339,2026-01-13,BOS vs. MIA,1610612737,Boston Celtics,W,240,124,41,83,23,23
002253178,2025-03-27,BOS vs. MIA,1610612738,Boston Celtics,L,240,95,47,84,-29,-29
002221156,2024-05-15,BOS vs. MIA,1610612738,Boston Celtics,W,240,99,37,85,4,4
002254522,2025-04-17,BOS vs. MIA,1610612740,Boston Celtics,L,240,98,46,95,-7,-7
002294244,2024-09-28,BOS vs. MIA,1610612739,Boston Celtics,L,240,95,30,85,-22,-22
002286511,2024-10-24,BOS vs. MIA,1610612738,Boston Celtics,L,240,91,30,80,-11,-11
002233536,2024-08-14,BOS vs. MIA,1610612740,Boston Celtics,L,240,102,45,88,-22,-22
002270122,2024-08-15,BOS vs. MIA,1610612737,Boston Celtics,W,240,109,39,96,7,7
002242608,2025-08-14,BOS vs. MIA,1610612738,Boston Celtics,L,240,91,41,92,-11,-11
002244609,2025-12-18,BOS vs. MIA,1610612740,Boston Celtics,W,240,127,39,85,23,23
002291736,2025-07-29,BOS vs. MIA,1610612739,Boston Celtics,L,240,97,30,90,-32,-32
002227933,2025-11-19,BOS vs. MIA,1610612739,Boston Celtics,W,240,105,35,86,6,6
002288159,2024-10-07,BOS vs. MIA,1610612738,Boston Celtics,L,240,97,40,89,-33,-33
002270049,2024-11-27,BOS vs. MIA,1610612739,Boston Celtics,L,240,90,34,80,-7,-7
002293623,2025-07-02,BOS vs. MIA,1610612737,Boston Celtics,L,240,105,30,94,-17,-17
002220674,2025-04-01,BOS vs. MIA,1610612740,Boston Celtics,L,240,114,33,96,-14,-14
002245705,2024-08-20,BOS vs. MIA,1610612737,Boston Celtics,W,240,114,40,89,11,11
002257156,2024-09-26,BOS vs. MIA,1610612738,Boston Celtics,L,240,122,34,94,-7,-7
002218571,2024-10-10,BOS vs. MIA,1610612738,Boston Celtics,W,240,118,44,96,18,18
002251796,2025-02-06,BOS vs. MIA,1610612737,Boston Celtics,L,240,98,43,83,-20,-20
002232591,2025-03-20,BOS vs. MIA,1610612738,Boston Celtics,L,240,92,37,83,-10,-10
002218881,2025-07-04,BOS vs. MIA,1610612738,Boston Celtics,L,240,101,47,87,-24,-24
002245635,2025-03-21,BOS vs. MIA,1610612738,Boston Celtics,L,240,97,50,100,-5,-5
002278456,2025-07-24,BOS vs. MIA,1610612740,Boston Celtics,W,240,128,35,91,15,15
002240750,2025-07-07,BOS vs. MIA,1610612737,Boston Celtics,W,240,119,36,95,10,10
002263987,2024-05-01,BOS vs. MIA,1610612740,Boston Celtics,W,240,98,42,97,2,2
002220271,2025-02-08,BOS vs. MIA,1610612738,Boston Celtics,L,240,95,41,85,-11,-11
002266778,2025-07-14,BOS vs. MIA,1610612737,Boston Celtics,W,240,123,47,91,6,6
002270563,2025-03-15,BOS vs. MIA,1610612737,Boston Celtics,L,240,122,34,84,-7,-7
002234724,2024-11-02,BOS vs. MIA,1610612737,Boston Celtics,W,240,127,36,80,30,30
002281889,2024-12-05,BOS vs. MIA,1610612739,Boston Celtics,L,240,93,39,91,-37,-37
002249756,2025-04-20,BOS vs. MIA,1610612737,Boston Celtics,L,240,102,50,84,-7,-7
002211068,2024-08-21,BOS vs. MIA,1610612739,Boston Celtics,L,240,116,48,93,0,0
002218535,2025-06-07,BOS vs. MIA,1610612739,Boston Celtics,W,240,129,50,82,32,32
002278894,2025-03-14,BOS vs. MIA,1610612739,Boston Celtics,L,240,103,47,91,-5,-5
002254379,2024-09-29,BOS vs. MIA,1610612738,Boston Celtics,L,240,103,49,86,-9,-9
002247001,2024-08-27,BOS vs. MIA,1610612737,Boston Celtics,L,240,106,40,99,-18,-18
002296904,2024-08-29,BOS vs. MIA,1610612740,Boston Celtics,W,240,105,35,99,14,14
002293001,2024-04-01,BOS vs. MIA,1610612740,Boston Celtics,L,240,119,49,88,-7,-7
002265936,2025-03-28,BOS vs. MIA,1610612737,Boston Celtics,W,240,122,31,81,11,11
002215722,2026-01-18,BOS vs. MIA,1610612740,Boston Celtics,L,240,93,42,81,-6,-6
002216473,2025-04-12,BOS vs. MIA,1610612739,Boston Celtics,W,240,99,30,82,2,2
002239511,2025-10-20,BOS vs. MIA,1610612737,Boston Celtics,W,240,127,45,81,31,31
002240808,2025-07-08,BOS vs. MIA,1610612740,Boston Celtics,L,240,99,40,95,-2,-2
002253200,2024-05-09,BOS vs. MIA,1610612740,Boston Celtics,L,240,97,31,98,-15,-15
002281353,2024-06-20,BOS vs. MIA,1610612740,Boston Celtics,W,240,127,34,80,35,35
002220532,2024-10-24,BOS vs. MIA,1610612740,Boston Celtics,L,240,123,45,89,-3,-3
002234652,2024-07-21,BOS vs. MIA,1610612739,Boston Celtics,L,240,99,40,99,-25,-25
002261828,2025-09-27,BOS vs. MIA,1610612739,Boston Celtics,W,240,116,47,81,21,21
002224648,2024-08-28,BOS vs. MIA,1610612740,Boston Celtics,L,240,90,39,95,-15,-15
002255477,2025-07-28,BOS vs. MIA,1610612737,Boston Celtics,W,240,115,34,90,7,7
002279937,2025-01-06,BOS vs. MIA,1610612739,Boston Celtics,L,240,93,36,97,-15,-15
002288159,2025-05-10,BOS vs. MIA,1610612739,Boston Celtics,W,240,129,50,98,10,10
002271773,2025-01-29,BOS vs. MIA,1610612737,Boston Celtics,W,240,125,48,94,15,15
002290836,2024-09-05,BOS vs. MIA,1610612740,Boston Celtics,W,240,122,45,100,26,26
002259822,2024-10-27,BOS vs. MIA,1610612738,Boston Celtics,L,240,91,43,87,-9,-9
002237585,2024-03-19,BOS vs. MIA,1610612738,Boston Celtics,L,240,96,36,94,-31,-31
002296119,2024-05-12,BOS vs. MIA,1610612738,Boston Celtics,W,240,107,32,87,13,13
002230005,2024-12-25,BOS vs. MIA,1610612739,Boston Celtics,W,240,122,31,99,32,32
002283999,2025-02-05,BOS vs. MIA,1610612740,Boston Celtics,W,240,103,33,85,7,7
002288501,2025-01-20,BOS vs. MIA,1610612738,Boston Celtics,W,240,122,31,96,14,14
002223899,2025-02-21,BOS vs. MIA,1610612740,Boston Celtics,L,240,108,47,94,-11,-11
002235846,2025-09-08,BOS vs. MIA,1610612737,Boston Celtics,L,240,120,30,85,-6,-6
002241321,2024-09-15,BOS vs. MIA,1610612738,Boston Celtics,L,240,93,39,94,-25,-25
002259643,2024-05-01,BOS vs. MIA,1610612740,Boston Celtics,L,240,97,33,93,-20,-20
002234136,2024-10-27,BOS vs. MIA,1610612737,Boston Celtics,W,240,112,43,84,8,8
002226053,2024-05-29,BOS vs. MIA,1610612738,Boston Celtics,L,240,107,30,86,-11,-11
002286901,2025-05-27,BOS vs. MIA,1610612739,Boston Celtics,W,240,114,50,82,23,23
002215300,2025-09-29,BOS vs. MIA,1610612737,Boston Celtics,W,240,119,42,87,2,2
002297266,2024-04-19,BOS vs. MIA,1610612737,Boston Celtics,W,240,122,35,100,20,20
002282348,2026-01-21,BOS vs. MIA,1610612738,Boston Celtics,L,240,114,40,81,-13,-13
002222964,2025-01-16,BOS vs. MIA,1610612737,Boston Celtics,W,240,115,46,98,17,17
002294879,2026-01-02,BOS vs. MIA,1610612737,Boston Celtics,L,240,112,42,81,-12,-12
002241318,2024-12-26,BOS vs. MIA,1610612738,Boston Celtics,W,240,113,33,95,12,12
002247798,2025-04-10,BOS vs. MIA,1610612739,Boston Celtics,W,240,126,32,87,20,20
002222979,2025-05-29,BOS vs. MIA,1610612739,Boston Celtics,W,240,107,40,88,7,7
002278690,2025-04-30,BOS vs. MIA,1610612738,Boston Celtics,L,240,99,37,94,-13,-13
002262054,2024-06-17,BOS vs. MIA,1610612737,Boston Celtics,W,240,117,35,96,4,4
002249287,2025-03-27,BOS vs. MIA,1610612738,Boston Celtics,W,240,121,46,99,15,15
002292356,2024-09-10,BOS vs. MIA,1610612739,Boston Celtics,L,240,107,47,92,-4,-4
002244193,2025-05-28,BOS vs. MIA,1610612738,Boston Celtics,W,240,123,32,92,17,17
002218597,2025-11-25,BOS vs. MIA,1610612740,Boston Celtics,L,240,97,49,88,-2,-2
002225329,2025-08-16,BOS vs. MIA,1610612739,Boston Celtics,L,240,93,39,98,-7,-7
002243118,2025-01-06,BOS vs. MIA,1610612740,Boston Celtics,W,240,126,46,99,24,24
002216303,2024-09-09,BOS vs. MIA,1610612737,Boston Celtics,L,240,107,36,88,-15,-15
002216373,2024-08-28,BOS vs. MIA,1610612738,Boston Celtics,L,240,119,41,98,-5,-5
002251360,2024-08-04,BOS vs. MIA,1610612740,Boston Celtics,L,240,92,50,85,-6,-6
002252167,2026-01-12,BOS vs. MIA,1610612740,Boston Celtics,L,240,99,39,83,-19,-19
002234073,2024-08-08,BOS vs. MIA,1610612737,Boston Celtics,L,240,90,36,87,-18,-18
002218033,2025-10-03,BOS vs. MIA,1610612739,Boston Celtics,L,240,123,41,88,-6,-6
002275154,2024-08-09,BOS vs. MIA,1610612740,Boston Celtics,W,240,117,32,82,8,8
002288532,2024-04-02,BOS vs. MIA,1610612738,Boston Celtics,W,240,117,50,95,14,14
002267760,2025-09-02,BOS vs. MIA,1610612739,Boston Celtics,L,240,125,50,89,-4,-4
002236085,2025-05-18,BOS vs. MIA,1610612739,Boston Celtics,L,240,100,38,90,-9,-9
002298758,2025-07-16,BOS vs. MIA,1610612740,Boston Celtics,L,240,98,45,91,-18,-18
002228285,2024-07-25,BOS vs. MIA,1610612740,Boston Celtics,L,240,113,42,94,-3,-3
002283532,2024-12-09,BOS vs. MIA,1610612740,Boston Celtics,W,240,114,41,99,23,23
002221425,2025-11-05,BOS vs. MIA,1610612737,Boston Celtics,L,240,99,49,84,-25,-25
002276436,2025-04-16,BOS vs. MIA,1610612737,Boston Celtics,W,240,127,43,98,34,34
002295007,2025-07-20,BOS vs. MIA,1610612739,Boston Celtics,W,240,127,35,99,35,35
002226465,2025-04-27,BOS vs. MIA,1610612738,Boston Celtics,L,240,119,37,95,-6,-6
002284348,2025-01-27,BOS vs. MIA,1610612737,Boston Celtics,W,240,95,47,98,4,4
002233413,2025-03-22,BOS vs. MIA,1610612739,Boston Celtics,L,240,92,45,82,-36,-36
002289558,2025-05-05,BOS vs. MIA,1610612737,Boston Celtics,W,240,114,41,99,9,9
002275926,2025-04-20,BOS vs. MIA,1610612739,Boston Celtics,L,240,95,44,92,-28,-28
002246644,2024-07-21,BOS vs. MIA,1610612737,Boston Celtics,L,240,101,43,91,-2,-2
002233241,2024-08-10,BOS vs. MIA,1610612737,Boston Celtics,L,240,107,39,95,-6,-6
002274240,2024-05-26,BOS vs. MIA,1610612738,Boston Celtics,L,240,118,31,80,-8,-8
002280885,2025-08-27,BOS vs. MIA,1610612737,Boston Celtics,L,240,102,36,86,-17,-17
002228180,2025-09-14,BOS vs. MIA,1610612739,Boston Celtics,W,240,120,40,90,27,27
002263686,2025-11-11,BOS vs. MIA,1610612740,Boston Celtics,W,240,105,45,90,15,15
002283917,2024-04-17,BOS vs. MIA,1610612740,Boston Celtics,W,240,114,37,86,1,1
002298349,2025-06-25,BOS vs. MIA,1610612738,Boston Celtics,L,240,118,36,83,-7,-7
002238191,2025-11-01,BOS vs. MIA,1610612737,Boston Celtics,W,240,92,49,83,2,2
002289604,2025-07-15,BOS vs. MIA,1610612738,Boston Celtics,L,240,115,44,92,-4,-4
002233889,2025-07-01,BOS vs. MIA,1610612738,Boston Celtics,L,240,92,39,85,-38,-38
002254227,2024-11-16,BOS vs. MIA,1610612739,Boston Celtics,L,240,90,32,91,-2,-2
002248378,2024-11-11,BOS vs. MIA,1610612739,Boston Celtics,L,240,112,30,88,-9,-9
002282839,2025-10-04,BOS vs. MIA,1610612739,Boston Celtics,W,240,130,32,99,28,28
002271771,2025-01-28,BOS vs. MIA,1610612738,Boston Celtics,W,240,115,34,97,17,17
002290419,2024-12-08,BOS vs. MIA,1610612738,Boston Celtics,W,240,113,41,86,2,2
002284274,2026-01-12,BOS vs. MIA,1610612739,Boston Celtics,L,240,118,40,93,-11,-11
002258409,2024-06-15,BOS vs. MIA,1610612739,Boston Celtics,L,240,100,34,98,-29,-29
002247541,2024-10-01,BOS vs. MIA,1610612740,Boston Celtics,W,240,114,30,93,21,21
002262578,2025-01-10,BOS vs. MIA,1610612738,Boston Celtics,L,240,103,45,83,-13,-13
002291323,2025-01-01,BOS vs. MIA,1610612739,Boston Celtics,W,240,109,35,99,4,4
002287024,2025-10-06,BOS vs. MIA,1610612739,Boston Celtics,L,240,113,33,82,-8,-8
002246157,2024-04-15,BOS vs. MIA,1610612738,Boston Celtics,L,240,92,32,84,-18,-18
002245691,2024-06-11,BOS vs. MIA,1610612739,Boston Celtics,W,240,124,43,87,18,18
002232784,2024-05-06,BOS vs. MIA,1610612740,Boston Celtics,W,240,119,33,93,7,7
002250025,2025-12-27,BOS vs. MIA,1610612739,Boston Celtics,L,240,105,48,99,-21,-21
002285839,2024-09-24,BOS vs. MIA,1610612739,Boston Celtics,W,240,124,44,92,28,28
002224871,2025-09-27,BOS vs. MIA,1610612739,Boston Celtics,L,240,110,49,80,-6,-6
002247317,2025-12-07,BOS vs. MIA,1610612740,Boston Celtics,W,240,129,46,85,8,8
002299929,2024-03-16,BOS vs. MIA,1610612740,Boston Celtics,W,240,96,47,83,5,5
002292817,2026-01-21,BOS vs. MIA,1610612740,Boston Celtics,L,240,91,50,86,-32,-32
002296015,2024-07-22,BOS vs. MIA,1610612740,Boston Celtics,W,240,123,35,97,31,31
002239672,2025-06-07,BOS vs. MIA,1610612738,Boston Celtics,L,240,90,39,81,-23,-23
002265791,2024-08-15,BOS vs. MIA,1610612740,Boston Celtics,L,240,90,40,83,-12,-12
002273005,2024-11-05,BOS vs. MIA,1610612739,Boston Celtics,W,240,122,47,82,23,23
002268743,2025-08-04,BOS vs. MIA,1610612737,Boston Celtics,L,240,96,40,93,0,0
002286916,2024-05-24,BOS vs. MIA,1610612738,Boston Celtics,L,240,99,30,87,-27,-27
002296190,2024-10-12,BOS vs. MIA,1610612737,Boston Celtics,W,240,126,43,84,6,6
002260814,2025-05-07,BOS vs. MIA,1610612740,Boston Celtics,W,240,112,35,99,9,9
002257067,2024-08-21,BOS vs. MIA,1610612740,Boston Celtics,W,240,112,45,80,1,1
002264974,2025-06-30,BOS vs. MIA,1610612737,Boston Celtics,L,240,104,41,95,-14,-14
002249414,2024-09-20,BOS vs. MIA,1610612740,Boston Celtics,W,240,125,47,87,25,25
002242878,2024-11-16,BOS vs. MIA,1610612738,Boston Celtics,W,240,113,31,100,18,18
002273077,2025-06-12,BOS vs. MIA,1610612740,Boston Celtics,W,240,108,35,84,6,6
002298754,2025-04-23,BOS vs. MIA,1610612739,Boston Celtics,L,240,93,31,96,-17,-17
002251715,2024-08-05,BOS vs. MIA,1610612738,Boston Celtics,L,240,120,45,93,-8,-8
002295757,2024-03-16,BOS vs. MIA,1610612739,Boston Celtics,L,240,98,49,81,-22,-22
002272521,2025-05-21,BOS vs. MIA,1610612739,Boston Celtics,W,240,125,32,90,19,19
002231708,2025-02-23,BOS vs. MIA,1610612737,Boston Celtics,L,240,101,47,85,-1,-1
002257694,2024-09-14,BOS vs. MIA,1610612738,Boston Celtics,L,240,90,32,81,-24,-24
002235920,2024-06-01,BOS vs. MIA,1610612740,Boston Celtics,W,240,124,45,90,33,33
002271257,2025-06-01,BOS vs. MIA,1610612739,Boston Celtics,W,240,119,33,84,9,9
002228281,2024-05-24,BOS vs. MIA,1610612738,Boston Celtics,L,240,94,33,100,-17,-17
002287717,2025-11-29,BOS vs. MIA,1610612738,Boston Celtics,L,240,106,31,92,-20,-20
002290852,2025-08-26,BOS vs. MIA,1610612738,Boston Celtics,W,240,123,49,90,16,16
002221481,2025-07-26,BOS vs. MIA,1610612739,Boston Celtics,W,240,122,37,81,5,5
002257877,2024-08-09,BOS vs. MIA,1610612739,Boston Celtics,L,240,111,31,90,-5,-5
002286962,2025-02-05,BOS vs. MIA,1610612738,Boston Celtics,L,240,96,43,82,-4,-4
002283516,2025-11-29,BOS vs. MIA,1610612740,Boston Celtics,L,240,122,50,91,-7,-7
002275182,2025-07-12,BOS vs. MIA,1610612739,Boston Celtics,W,240,118,33,96,1,1
002284550,2025-08-11,BOS vs. MIA,1610612738,Boston Celtics,W,240,114,41,92,19,19
002289266,2025-02-12,BOS vs. MIA,1610612738,Boston Celtics,W,240,121,38,82,4,4
002232496,2024-05-06,BOS vs. MIA,1610612740,Boston Celtics,L,240,110,31,84,-3,-3
002219014,2024-08-10,BOS vs. MIA,1610612739,Boston Celtics,L,240,90,33,96,-36,-36
002258430,2024-09-28,BOS vs. MIA,1610612739,Boston Celtics,L,240,124,45,86,-5,-5
002251015,2025-03-28,BOS vs. MIA,1610612740,Boston Celtics,L,240,102,37,82,-4,-4
002228862,2024-10-05,BOS vs. MIA,1610612737,Boston Celtics,W,240,104,45,93,9,9
002227956,2024-04-27,BOS vs. MIA,1610612738,Boston Celtics,L,240,104,36,83,-19,-19
002226693,2025-07-22,BOS vs. MIA,1610612740,Boston Celtics,W,240,126,31,99,26,26
002297588,2025-01-29,BOS vs. MIA,1610612740,Boston Celtics,L,240,92,46,93,-13,-13
002265424,2024-05-31,BOS vs. MIA,1610612740,Boston Celtics,W,240,124,30,80,29,29
002241379,2024-08-03,BOS vs. MIA,1610612739,Boston Celtics,L,240,106,37,81,-7,-7
002230308,2025-09-15,BOS vs. MIA,1610612737,Boston Celtics,W,240,119,42,84,27,27
002217853,2025-06-25,BOS vs. MIA,1610612739,Boston Celtics,W,240,129,42,84,10,10
002288154,2025-08-25,BOS vs. MIA,1610612737,Boston Celtics,L,240,97,44,85,-29,-29
002296891,2025-05-05,BOS vs. MIA,1610612738,Boston Celtics,W,240,128,39,84,35,35
002254601,2025-12-17,BOS vs. MIA,1610612738,Boston Celtics,L,240,94,50,97,-16,-16
002296082,2024-04-22,BOS vs. MIA,1610612737,Boston Celtics,L,240,100,42,80,-26,-26
002211548,2026-01-11,BOS vs. MIA,1610612740,Boston Celtics,L,240,106,34,91,-17,-17
002260490,2024-10-07,BOS vs. MIA,1610612738,Boston Celtics,L,240,101,33,88,-2,-2
002250138,2025-08-26,BOS vs. MIA,1610612739,Boston Celtics,L,240,92,42,97,-25,-25
002295692,2025-06-10,BOS vs. MIA,1610612740,Boston Celtics,W,240,105,45,85,7,7
002296496,2025-01-12,BOS vs. MIA,1610612739,Boston Celtics,L,240,119,33,82,-1,-1
002292507,2025-02-12,BOS vs. MIA,1610612740,Boston Celtics,W,240,106,35,89,11,11
002286090,2024-10-24,BOS vs. MIA,1610612740,Boston Celtics,L,240,109,34,96,0,0
002218868,2024-03-18,BOS vs. MIA,1610612739,Boston Celtics,L,240,90,36,86,-31,-31
002223015,2026-01-18,BOS vs. MIA,1610612740,Boston Celtics,W,240,128,49,83,38,38
002232056,2025-12-10,BOS vs. MIA,1610612738,Boston Celtics,W,240,118,39,90,6,6
002287572,2024-03-11,BOS vs. MIA,1610612739,Boston Celtics,W,240,129,46,96,34,34
002284649,2025-10-11,BOS vs. MIA,1610612740,Boston Celtics,W,240,113,31,82,3,3
002273972,2025-08-21,BOS vs. MIA,1610612740,Boston Celtics,L,240,115,42,94,-3,-3
002222023,2025-06-19,BOS vs. MIA,1610612739,Boston Celtics,L,240,100,35,93,-24,-24
002217798,2025-09-27,BOS vs. MIA,1610612739,Boston Celtics,W,240,127,38,91,12,12
002258293,2024-10-27,BOS vs. MIA,1610612737,Boston Celtics,W,240,119,34,86,21,21
002223896,2025-09-25,BOS vs. MIA,1610612737,Boston Celtics,W,240,113,30,96,20,20
002258652,2024-04-27,BOS vs. MIA,1610612737,Boston Celtics,L,240,124,37,87,-4,-4
002246496,2024-12-29,BOS vs. MIA,1610612740,Boston Celtics,W,240,127,40,82,19,19
002220364,2025-06-26,BOS vs. MIA,1610612740,Boston Celtics,W,240,108,33,90,13,13
002294913,2025-07-15,BOS vs. MIA,1610612739,Boston Celtics,L,240,92,34,84,-16,-16
002219202,2025-06-22,BOS vs. MIA,1610612740,Boston Celtics,W,240,121,33,86,21,21
002245795,2025-08-21,BOS vs. MIA,1610612738,Boston Celtics,W,240,130,45,80,13,13
002278923,2025-03-24,BOS vs. MIA,1610612740,Boston Celtics,W,240,123,38,88,15,15
002247697,2025-06-28,BOS vs. MIA,1610612739,Boston Celtics,L,240,115,36,85,-3,-3
002241095,2024-04-21,BOS vs. MIA,1610612739,Boston Celtics,L,240,107,43,86,-17,-17
002242692,2025-04-16,BOS vs. MIA,1610612739,Boston Celtics,W,240,106,34,90,16,16
002280457,2024-09-01,BOS vs. MIA,1610612739,Boston Celtics,L,240,108,32,82,-18,-18
002271023,2024-10-11,BOS vs. MIA,1610612737,Boston Celtics,L,240,90,40,90,-20,-20
002295740,2025-12-26,BOS vs. MIA,1610612738,Boston Celtics,L,240,101,39,95,-23,-23
002298799,2025-11-30,BOS vs. MIA,1610612737,Boston Celtics,W,240,118,34,86,8,8
002266439,2025-11-28,BOS vs. MIA,1610612738,Boston Celtics,L,240,91,47,95,-15,-15
002267660,2025-08-02,BOS vs. MIA,1610612739,Boston Celtics,L,240,114,45,87,-14,-14
002212857,2025-05-18,BOS vs. MIA,1610612739,Boston Celtics,L,240,95,41,95,-8,-8
002242870,2024-11-09,BOS vs. MIA,1610612737,Boston Celtics,L,240,108,40,97,-11,-11
002224278,2025-07-05,BOS vs. MIA,1610612738,Boston Celtics,W,240,126,31,97,29,29
002253530,2025-01-23,BOS vs. MIA,1610612738,Boston Celtics,W,240,112,46,95,15,15
002287545,2025-12-07,BOS vs. MIA,1610612740,Boston Celtics,W,240,125,34,93,19,19
002213790,2025-01-19,BOS vs. MIA,1610612738,Boston Celtics,L,240,114,37,83,-16,-16
002227331,2026-01-23,BOS vs. MIA,1610612737,Boston Celtics,L,240,96,42,82,-23,-23
002223879,2024-12-05,BOS vs. MIA,1610612740,Boston Celtics,W,240,109,36,89,4,4
002245190,2026-01-08,BOS vs. MIA,1610612737,Boston Celtics,L,240,93,46,82,-5,-5
002288658,2024-03-21,BOS vs. MIA,1610612737,Boston Celtics,L,240,110,48,91,-4,-4
002242340,2025-04-24,BOS vs. MIA,1610612739,Boston Celtics,W,240,108,46,89,15,15
002218749,2025-09-08,BOS vs. MIA,1610612737,Boston Celtics,L,240,93,41,85,-27,-27
002270648,2025-10-30,BOS vs. MIA,1610612738,Boston Celtics,W,240,120,35,93,29,29
002283124,2025-04-11,BOS vs. MIA,1610612738,Boston Celtics,L,240,104,36,94,-25,-25
002220250,2025-09-18,BOS vs. MIA,1610612740,Boston Celtics,L,240,95,30,82,-18,-18
002294875,2025-12-23,BOS vs. MIA,1610612738,Boston Celtics,W,240,107,34,81,1,1
002229664,2025-04-16,BOS vs. MIA,1610612740,Boston Celtics,L,240,119,39,89,-11,-11
002232756,2025-09-22,BOS vs. MIA,1610612737,Boston Celtics,W,240,125,46,91,12,12
002268812,2024-07-29,BOS vs. MIA,1610612738,Boston Celtics,L,240,93,39,97,-14,-14
002212409,2025-02-03,BOS vs. MIA,1610612737,Boston Celtics,W,240,123,42,97,19,19
002256374,2025-04-29,BOS vs. MIA,1610612739,Boston Celtics,W,240,128,34,96,20,20
002249767,2026-01-04,BOS vs. MIA,1610612738,Boston Celtics,L,240,101,31,99,-15,-15
002250116,2024-04-09,BOS vs. MIA,1610612737,Boston Celtics,L,240,117,31,93,-4,-4
002299481,2025-11-24,BOS vs. MIA,1610612739,Boston Celtics,L,240,114,40,94,-9,-9
002241960,2024-06-07,BOS vs. MIA,1610612739,Boston Celtics,W,240,125,48,95,14,14
002287233,2025-03-07,BOS vs. MIA,1610612738,Boston Celtics,W,240,128,43,94,21,21
002213721,2025-09-04,BOS vs. MIA,1610612737,Boston Celtics,L,240,102,44,95,-12,-12
002243989,2025-02-20,BOS vs. MIA,1610612740,Boston Celtics,L,240,97,38,90,-11,-11
002233545,2025-11-01,BOS vs. MIA,1610612740,Boston Celtics,L,240,94,47,83,-14,-14
002223437,2025-11-22,BOS vs. MIA,1610612740,Boston Celtics,L,240,109,35,85,-18,-18
002281691,2025-05-16,BOS vs. MIA,1610612737,Boston Celtics,W,240,114,44,89,2,2
002229258,2024-12-29,BOS vs. MIA,1610612739,Boston Celtics,W,240,127,50,88,15,15
002291497,2024-10-31,BOS vs. MIA,1610612738,Boston Celtics,W,240,113,32,99,16,16
002253446,2026-01-05,BOS vs. MIA,1610612738,Boston Celtics,L,240,92,32,86,-17,-17
002247511,2025-01-25,BOS vs. MIA,1610612737,Boston Celtics,W,240,119,46,80,25,25
002272780,2024-04-21,BOS vs. MIA,1610612740,Boston Celtics,L,240,100,35,93,-20,-20
002268703,2024-12-06,BOS vs. MIA,1610612738,Boston Celtics,W,240,99,38,88,6,6
002287220,2024-06-01,BOS vs. MIA,1610612737,Boston Celtics,W,240,120,49,83,11,11
002273721,2025-01-14,BOS vs. MIA,1610612738,Boston Celtics,L,240,100,31,91,-3,-3
002233141,2025-04-23,BOS vs. MIA,1610612739,Boston Celtics,W,240,113,37,94,18,18
002272470,2025-08-21,BOS vs. MIA,1610612740,Boston Celtics,L,240,94,44,87,-7,-7
002294394,2024-06-19,BOS vs. MIA,1610612737,Boston Celtics,L,240,105,44,94,-17,-17
002214100,2025-09-01,BOS vs. MIA,1610612738,Boston Celtics,W,240,127,46,96,33,33
002268158,2025-03-01,BOS vs. MIA,1610612738,Boston Celtics,W,240,118,42,88,13,13
002263811,2024-07-21,BOS vs. MIA,1610612739,Boston Celtics,L,240,95,48,88,-8,-8
002290788,2024-05-01,BOS vs. MIA,1610612737,Boston Celtics,W,240,124,47,83,27,27
002271454,2024-11-19,BOS vs. MIA,1610612739,Boston Celtics,W,240,126,31,83,4,4
002229731,2025-09-04,BOS vs. MIA,1610612740,Boston Celtics,W,240,103,48,97,7,7
002262433,2026-01-10,BOS vs. MIA,1610612740,Boston Celtics,L,240,106,37,89,-13,-13
002232524,2025-03-23,BOS vs. MIA,1610612739,Boston Celtics,L,240,112,38,88,-14,-14
002238220,2024-03-25,BOS vs. MIA,1610612738,Boston Celtics,W,240,127,31,85,29,29
002266199,2024-10-19,BOS vs. MIA,1610612740,Boston Celtics,L,240,93,48,86,-28,-28
002261604,2024-11-24,BOS vs. MIA,1610612739,Boston Celtics,W,240,126,35,94,21,21
002210065,2024-03-29,BOS vs. MIA,1610612738,Boston Celtics,L,240,93,36,86,-19,-19
002233896,2025-07-21,BOS vs. MIA,1610612737,Boston Celtics,L,240,93,46,100,-36,-36
002252042,2024-07-03,BOS vs. MIA,1610612739,Boston Celtics,L,240,112,39,87,-7,-7
002212546,2024-09-08,BOS vs. MIA,1610612739,Boston Celtics,W,240,128,36,92,31,31
002275371,2025-08-28,BOS vs. MIA,1610612739,Boston Celtics,W,240,100,33,97,7,7
002228342,2024-12-26,BOS vs. MIA,1610612738,Boston Celtics,L,240,90,40,82,-40,-40
002232588,2025-07-23,BOS vs. MIA,1610612738,Boston Celtics,W,240,120,43,83,4,4
002251091,2024-12-17,BOS vs. MIA,1610612737,Boston Celtics,L,240,106,46,94,-8,-8
002286958,2026-01-08,BOS vs. MIA,1610612738,Boston Celtics,L,240,113,38,81,-11,-11
002212971,2024-12-09,BOS vs. MIA,1610612739,Boston Celtics,W,240,113,49,85,7,7
002226760,2024-06-22,BOS vs. MIA,1610612738,Boston Celtics,L,240,96,36,86,-28,-28
002228385,2026-01-14,BOS vs. MIA,1610612737,Boston Celtics,W,240,112,46,88,6,6
